post_title,post_name,post_parent,ID,post_content,post_excerpt,post_status,post_password,menu_order,post_date,post_author,comment_status,sku,parent_sku,children,downloadable,virtual,stock,regular_price,sale_price,weight,length,width,height,tax_class,visibility,stock_status,backorders,sold_individually,low_stock_amount,manage_stock,tax_status,upsell_ids,crosssell_ids,purchase_note,sale_price_dates_from,sale_price_dates_to,download_limit,download_expiry,product_url,button_text,images,downloadable_files,product_page_url,meta:total_sales,meta:_global_unique_id,tax:product_brand,tax:product_type,tax:product_visibility,tax:product_cat,tax:product_tag,tax:product_shipping_class,tax:product_range,tax:product_color,attribute:pa_brand,attribute_data:pa_brand
"Circular Saw",circular-saw,,311,"Elevate your workshop with the Ingco Circular Saw, a robust addition to your Power Tools collection. Engineered for precision and power, this Ingco Circular Saw boasts a potent 1800W motor, effortlessly tackling wood and various materials with ease. Achieve professional-grade results with its easily adjustable cutting depth and versatile 0-45° bevel capacity. Designed for superior control, it features an ergonomic grip and a durable aluminium base for stability and comfort during extended use. Whether for DIY projects or demanding professional tasks, trust Ingco for reliable performance and accurate cuts every time. Power up your potential with Ingco.","Circular Saw",publish,,0,"2026-01-24 04:28:25",1,open,CS18528,,,no,no,'-1,1750,,6,35.3,25.8,27.5,,,outofstock,no,no,,yes,taxable,,,,,,'-1,'-1,,,"http://belims-headless.local/wp-content/uploads/2026/01/CS18528-33.jpg ! alt :  ! title : Circular Saw ! desc :  ! caption : ",,http://belims-headless.local/product/circular-saw/,0,,Ingco,simple,featured|outofstock,"Tools and Machinery > Power Tools|Tools and Machinery > Power Tools > Saws|Tools and Machinery",,,Skillcraft,,Ingco,0|1|0
"20V Lithium-Ion Glue Gun",20v-lithium-ion-glue-gun,,313,"Unleash cordless power and precision with the Ingco 20V Lithium-Ion Glue Gun. Engineered for efficiency, this robust glue gun features rapid heat-up technology, ensuring you're ready for any task in moments. Its powerful 20V Lithium-Ion battery provides lasting performance and ultimate portability, perfect for DIY projects, crafts, and quick repairs without being tethered to an outlet. The ergonomic design ensures comfortable, accurate application, making it an indispensable tool for every professional and enthusiast. Trust Ingco for reliable, powerful solutions. Elevate your workmanship today.","20V Lithium-Ion Glue Gun",publish,,0,"2026-01-24 04:28:26",1,open,CGGLI2001,,,no,no,91,420,,0.51,21.8,30.7,5.3,,,instock,no,no,,yes,taxable,,,,,,'-1,'-1,,,"http://belims-headless.local/wp-content/uploads/2026/01/CGGLI2001-33.jpg ! alt :  ! title : 20V Lithium-Ion Glue Gun ! desc :  ! caption : ",,http://belims-headless.local/product/20v-lithium-ion-glue-gun/,0,,Ingco,simple,,Uncategorized,,,Skillcraft,,Ingco,0|1|0
"Angle Grinder",angle-grinder,,315,"Unleash precision and power with the Ingco Angle Grinder, your essential partner for demanding tasks. Engineered for superior performance, this robust power tool effortlessly tackles tough cutting, grinding, and metalwork projects. Experience unmatched durability and reliable operation, ensuring efficiency on every job.

The Ingco Angle Grinder combines a powerful motor with an ergonomic design for comfortable handling and ultimate control, boosting productivity for both professional tradespeople and serious DIYers. Elevate your toolkit with Ingco's trusted quality and achieve professional-grade results consistently. Invest in power; invest in Ingco Grinders.","Angle Grinder",publish,,0,"2026-01-24 04:28:27",1,open,AG24008,,,no,no,8,1799,,7,52.2,16.7,11.5,,,instock,no,no,,yes,taxable,,,,,,'-1,'-1,,,"http://belims-headless.local/wp-content/uploads/2026/01/AG24008-33.jpg ! alt :  ! title : Angle Grinder ! desc :  ! caption : ",,http://belims-headless.local/product/angle-grinder/,0,,Ingco,simple,,"Tools and Machinery > Power Tools > Grinders|Tools and Machinery > Power Tools|Tools and Machinery",,,Skillcraft,,Ingco,0|1|0
"20V Lithium-Ion Jigsaw",20v-lithium-ion-jigsaw,,317,"Unleash cordless power with the Ingco 20V Lithium-Ion Jigsaw, your essential power tool for precision cutting. Engineered for both DIY enthusiasts and seasoned professionals, this robust jigsaw delivers unparalleled freedom and consistent performance for intricate curves and straight cuts.

Experience long-lasting operation thanks to its powerful Lithium-Ion battery, ensuring you complete projects without interruption. Its ergonomic design provides superior comfort and control, while features like variable speed and rapid blade changes optimize efficiency. Perfect for wood, metal, and plastics, the Ingco 20V Cordless Jigsaw empowers you to achieve flawless results with every task. Elevate your craftsmanship; choose Ingco for reliable, powerful cutting.","20V Lithium-Ion Jigsaw",publish,,0,"2026-01-24 04:28:28",1,open,CJSLI8501,,,no,no,85,1449,,1.84,24.5,21.5,8,,,instock,no,no,,yes,taxable,,,,,,'-1,'-1,,,"http://belims-headless.local/wp-content/uploads/2026/01/CJSLI8501-33.jpg ! alt :  ! title : 20V Lithium-Ion Jigsaw ! desc :  ! caption : ",,http://belims-headless.local/product/20v-lithium-ion-jigsaw/,0,,Ingco,simple,,"Tools and Machinery > Power Tools|Tools and Machinery > Power Tools > Saws|Tools and Machinery",,,Skillcraft,,Ingco,0|1|0
"Gasoline Grass Trimmer And Bush Cutter",gasoline-grass-trimmer-and-bush-cutter,,340,,"Gasoline Grass Trimmer And Bush Cutter",publish,,0,"2026-01-25 20:00:53",1,open,GBC5524411,,,no,no,3,3450,,11,186,29.5,20.5,,,instock,no,no,,yes,taxable,,,,,,'-1,'-1,,,"http://belims-headless.local/wp-content/uploads/2026/01/GBC5524411-26.jpg ! alt :  ! title : Gasoline Grass Trimmer And Bush Cutter ! desc :  ! caption : ",,http://belims-headless.local/product/gasoline-grass-trimmer-and-bush-cutter/,0,,Ingco,simple,,Uncategorized,,,Skillcraft,,,
"High Pressure Washer",high-pressure-washer,,351,,"High Pressure Washer",publish,,0,"2026-01-25 20:28:48",1,open,HPWR14008,,,no,no,0,1799,,6,26.5,23,48,,,outofstock,no,no,,yes,taxable,,,,,,'-1,'-1,,,"http://belims-headless.local/wp-content/uploads/2026/01/HPWR14008-15.jpg ! alt :  ! title : High Pressure Washer ! desc :  ! caption : ",,http://belims-headless.local/product/high-pressure-washer/,0,,Ingco,simple,outofstock,"Tools and Machinery > Machinery|Tools and Machinery > Machinery > Pressure Washer|Tools and Machinery",,,Skillcraft,,,
"Impact Drill",impact-drill,,353,,"Impact Drill",publish,,0,"2026-01-25 20:28:50",1,open,ID11008,,,no,no,15,1150,,3.04,33.5,26.5,8,,,instock,no,no,,yes,taxable,,,,,,'-1,'-1,,,"http://belims-headless.local/wp-content/uploads/2026/01/ID11008-15.jpg ! alt :  ! title : Impact Drill ! desc :  ! caption : ",,http://belims-headless.local/product/impact-drill/,0,,Ingco,simple,,"Tools and Machinery > Power Tools > Drills|Tools and Machinery > Power Tools|Tools and Machinery",,,Skillcraft,,,
"Impact Drill",impact-drill-2,,355,,"Impact Drill",publish,,0,"2026-01-25 20:28:51",1,open,ID6808,,,no,no,49,448.99,,2.1,28,6.9,25,,,instock,no,no,,yes,taxable,,,,,,'-1,'-1,,,"http://belims-headless.local/wp-content/uploads/2026/01/ID6808-15.jpg ! alt :  ! title : Impact Drill ! desc :  ! caption : ",,http://belims-headless.local/product/impact-drill-2/,0,,Ingco,simple,,"Tools and Machinery > Power Tools > Drills|Tools and Machinery > Power Tools|Tools and Machinery",,,Skillcraft,,,
"Electric Planer",electric-planer,,357,,"Electric Planer",publish,,0,"2026-01-25 20:28:53",1,open,PL10508,,,no,no,12,1999,,4.7,30.2,21.7,20,,,instock,no,no,,yes,taxable,,,,,,'-1,'-1,,,"http://belims-headless.local/wp-content/uploads/2026/01/PL10508-15.jpg ! alt :  ! title : Electric Planer ! desc :  ! caption : ",,http://belims-headless.local/product/electric-planer/,0,,Ingco,simple,,"Tools and Machinery > Power Tools > Planers|Tools and Machinery > Power Tools|Tools and Machinery",,,Skillcraft,,,
"Gasoline Chain Saw",gasoline-chain-saw,,359,,"Gasoline Chain Saw",publish,,0,"2026-01-25 20:28:54",1,open,GCS5451811,,,no,no,'-26,2995,,,51.5,23.5,28,,,outofstock,no,no,,yes,taxable,,,,,,'-1,'-1,,,"http://belims-headless.local/wp-content/uploads/2026/01/GCS5451811-15.jpg ! alt :  ! title : Gasoline Chain Saw ! desc :  ! caption : ",,http://belims-headless.local/product/gasoline-chain-saw/,0,,Ingco,simple,outofstock,Uncategorized,,,Skillcraft,,,
"Water Pump",water-pump,,361,,"Water Pump",publish,,0,"2026-01-25 20:28:56",1,open,VPM3708,,,no,no,23,820,,5.25,28,14.5,18.2,,,instock,no,no,,yes,taxable,,,,,,'-1,'-1,,,"http://belims-headless.local/wp-content/uploads/2026/01/SKC-VPM3708-15.jpg ! alt :  ! title : Water Pump ! desc :  ! caption : ",,http://belims-headless.local/product/water-pump/,0,,Ingco,simple,,"Water Tanks and Filtration > Water Storage|Water Tanks and Filtration > Water Storage > Water Tank Pumps|Water Tanks and Filtration",,,Skillcraft,,,
"Automatic Pump Control",automatic-pump-control,,363,,"Automatic Pump Control",publish,,0,"2026-01-25 20:28:57",1,open,WAPS002,,,no,no,58,630,,1.35,26.5,15,13,,,instock,no,no,,yes,taxable,,,,,,'-1,'-1,,,"http://belims-headless.local/wp-content/uploads/2026/01/SKC-WAPS002-15.jpg ! alt :  ! title : Automatic Pump Control ! desc :  ! caption : ",,http://belims-headless.local/product/automatic-pump-control/,0,,Ingco,simple,,"Water Tanks and Filtration > Water Storage|Water Tanks and Filtration > Water Storage > Water Tank Pumps|Water Tanks and Filtration",,,Skillcraft,,,
"Brad Nail",brad-nail,,365,,"Brad Nail",publish,,0,"2026-01-25 20:28:59",1,open,ANA18251,,,no,no,6,105,,1.05,12.7,6.5,3.1,,,instock,no,no,,yes,taxable,,,,,,'-1,'-1,,,"http://belims-headless.local/wp-content/uploads/2026/01/ANA18251.jpg ! alt :  ! title : Brad Nail ! desc :  ! caption : ",,http://belims-headless.local/product/brad-nail/,0,,Ingco,simple,,"Fasteners and Adhesives|Fasteners and Adhesives > Nails|Fasteners and Adhesives > Nails > Nails",,,Skillcraft,,,
"Brad Nail",brad-nail-2,,367,,"Brad Nail",publish,,0,"2026-01-25 20:29:01",1,open,ANA18351,,,no,no,2,125.01,,1.43,12.7,6.5,4,,,instock,no,no,,yes,taxable,,,,,,'-1,'-1,,,"http://belims-headless.local/wp-content/uploads/2026/01/ANA18351.jpg ! alt :  ! title : Brad Nail ! desc :  ! caption : ",,http://belims-headless.local/product/brad-nail-2/,0,,Ingco,simple,,"Fasteners and Adhesives|Fasteners and Adhesives > Nails|Fasteners and Adhesives > Nails > Nails",,,Skillcraft,,,
"Brad Nail",brad-nail-3,,369,,"Brad Nail",publish,,0,"2026-01-25 20:29:04",1,open,ANA18501,,,no,no,2,225,,2.05,12.7,6.5,5.6,,,instock,no,no,,yes,taxable,,,,,,'-1,'-1,,,"http://belims-headless.local/wp-content/uploads/2026/01/ANA18501.jpg ! alt :  ! title : Brad Nail ! desc :  ! caption : ",,http://belims-headless.local/product/brad-nail-3/,0,,Ingco,simple,,"Fasteners and Adhesives|Fasteners and Adhesives > Nails|Fasteners and Adhesives > Nails > Nails",,,Skillcraft,,,
"Air Spray Gun",air-spray-gun,,371,,"Air Spray Gun",publish,,0,"2026-01-25 20:29:07",1,open,ASG1061,,,no,no,1,,,1.13,23,15,12.5,,,instock,no,no,,yes,taxable,,,,,,'-1,'-1,,,"http://belims-headless.local/wp-content/uploads/2026/01/ASG1061.jpg ! alt :  ! title : Air Spray Gun ! desc :  ! caption : ",,http://belims-headless.local/product/air-spray-gun/,0,,Ingco,simple,,Uncategorized,,,Skillcraft,,,
"Air Spray Gun",air-spray-gun-2,,373,,"Air Spray Gun",publish,,0,"2026-01-25 20:29:09",1,open,ASG4042,,,no,no,4,,,1,20.8,14.7,12.1,,,instock,no,no,,yes,taxable,,,,,,'-1,'-1,,,"http://belims-headless.local/wp-content/uploads/2026/01/ASG4042.jpg ! alt :  ! title : Air Spray Gun ! desc :  ! caption : ",,http://belims-headless.local/product/air-spray-gun-2/,0,,Ingco,simple,,Uncategorized,,,Skillcraft,,,
Staples,staples,,375,,Staples,publish,,0,"2026-01-25 20:29:11",1,open,AST18251,,,no,no,2,130,,1.12,12,10,3,,,instock,no,no,,yes,taxable,,,,,,'-1,'-1,,,"http://belims-headless.local/wp-content/uploads/2026/01/AST18251.jpg ! alt :  ! title : Staples ! desc :  ! caption : ",,http://belims-headless.local/product/staples/,0,,Ingco,simple,,Uncategorized,,,Skillcraft,,,
Staples,staples-2,,377,,Staples,publish,,0,"2026-01-25 20:29:13",1,open,AST18351,,,no,no,7,180,,1.47,12.1,10.3,4,,,instock,no,no,,yes,taxable,,,,,,'-1,'-1,,,"http://belims-headless.local/wp-content/uploads/2026/01/AST18351.jpg ! alt :  ! title : Staples ! desc :  ! caption : ",,http://belims-headless.local/product/staples-2/,0,,Ingco,simple,,Uncategorized,,,Skillcraft,,,
"Air Tyre Inflating Gun",air-tyre-inflating-gun,,379,,"Air Tyre Inflating Gun",publish,,0,"2026-01-25 20:29:16",1,open,ATG0601,,,no,no,0,370,,0.58,34.1,16.5,4,,,outofstock,no,no,,yes,taxable,,,,,,'-1,'-1,,,"http://belims-headless.local/wp-content/uploads/2026/01/ATG0601.jpg ! alt :  ! title : Air Tyre Inflating Gun ! desc :  ! caption : ",,http://belims-headless.local/product/air-tyre-inflating-gun/,0,,Ingco,simple,outofstock,Uncategorized,,,Skillcraft,,,
"Mitre Saw",mitre-saw,,570,,"Mitre Saw",publish,,0,"2026-01-25 22:33:19",1,open,BMS14002,,,no,no,0,2500,,810,47.5,35.5,32.5,,,outofstock,no,no,,yes,taxable,,,,,,'-1,'-1,,,"http://belims-headless.local/wp-content/uploads/2026/01/BMS14002.jpg ! alt :  ! title : Mitre Saw ! desc :  ! caption : ",,http://belims-headless.local/product/mitre-saw/,0,,Ingco,simple,outofstock,Uncategorized,,,Skillcraft,,,
"20V PS+ GRINDER 115MM BRUSHLESS",20v-ps-grinder-115mm-brushless,,572,,"20V PS+ GRINDER 115MM BRUSHLESS",publish,,0,"2026-01-25 22:33:20",1,open,CAGLI1152,,,no,no,'-18,1399,,2,,,,,,outofstock,no,no,,yes,taxable,,,,,,'-1,'-1,,,"http://belims-headless.local/wp-content/uploads/2026/01/CAGLI1152.jpg ! alt :  ! title : 20V PS+ GRINDER 115MM BRUSHLESS ! desc :  ! caption : ",,http://belims-headless.local/product/20v-ps-grinder-115mm-brushless/,0,,Ingco,simple,outofstock,"Tools and Machinery > Power Tools > Grinders|Tools and Machinery > Power Tools|Tools and Machinery",,,Skillcraft,,,
"12V PS+ C/L DRILL 20NM KIT 2BATTERIES",12v-ps-c-l-drill-20nm-kit-2batteries,,574,,"12V PS+ C/L DRILL 20NM KIT 2BATTERIES",publish,,0,"2026-01-25 22:33:21",1,open,CDLI12325,,,no,no,44,899,699,1.8,,,,,,instock,no,no,,yes,taxable,,,,,,'-1,'-1,,,"http://belims-headless.local/wp-content/uploads/2026/01/CDLI12325.jpg ! alt :  ! title : 12V PS+ C/L DRILL 20NM KIT 2BATTERIES ! desc :  ! caption : ",,http://belims-headless.local/product/12v-ps-c-l-drill-20nm-kit-2batteries/,0,,Ingco,simple,,"Tools and Machinery > Power Tools > Drills|Tools and Machinery > Power Tools|Tools and Machinery",,,Skillcraft,,,
"20V PS+ C/L DRILL 45NM KIT 2B",20v-ps-c-l-drill-45nm-kit-2b,,576,,"20V PS+ C/L DRILL 45NM KIT 2B",publish,,0,"2026-01-25 22:33:23",1,open,CDLI2002,,,no,no,'-2,2199,,2.96,,,,,,outofstock,no,no,,yes,taxable,,,,,,'-1,'-1,,,"http://belims-headless.local/wp-content/uploads/2026/01/CDLI2002.jpg ! alt :  ! title : 20V PS+ C/L DRILL 45NM KIT 2B ! desc :  ! caption : ",,http://belims-headless.local/product/20v-ps-c-l-drill-45nm-kit-2b/,0,,Ingco,simple,outofstock,"Tools and Machinery > Power Tools > Drills|Tools and Machinery > Power Tools|Tools and Machinery",,,Skillcraft,,,
"20V Lithium-Ion Impact Drill",20v-lithium-ion-impact-drill,,578,,"20V Lithium-Ion Impact Drill",publish,,0,"2026-01-25 22:33:24",1,open,CIDLI2002,,,no,no,3,2690,,3.06,35,22,9.5,,,instock,no,no,,yes,taxable,,,,,,'-1,'-1,,,"http://belims-headless.local/wp-content/uploads/2026/01/CIDLI2002.jpg ! alt :  ! title : 20V Lithium-Ion Impact Drill ! desc :  ! caption : ",,http://belims-headless.local/product/20v-lithium-ion-impact-drill/,0,,Ingco,simple,,"Tools and Machinery > Power Tools > Drills|Tools and Machinery > Power Tools|Tools and Machinery",,,Skillcraft,,,
"20V PS+ C/L DRIVER 170NM 5P",20v-ps-c-l-driver-170nm-5p,,580,,"20V PS+ C/L DRIVER 170NM 5P",publish,,0,"2026-01-25 22:33:25",1,open,CIRLI20020,,,no,no,6,1499,,1.35,,,,,,instock,no,no,,yes,taxable,,,,,,'-1,'-1,,,"http://belims-headless.local/wp-content/uploads/2026/01/CIRLI20020.jpg ! alt :  ! title : 20V PS+ C/L DRIVER 170NM 5P ! desc :  ! caption : ",,http://belims-headless.local/product/20v-ps-c-l-driver-170nm-5p/,0,,Ingco,simple,,Uncategorized,,,Skillcraft,,,
"20V PS+ C/L WRENCH 300NM IMP",20v-ps-c-l-wrench-300nm-imp,,582,,"20V PS+ C/L WRENCH 300NM IMP",publish,,0,"2026-01-25 22:33:26",1,open,CIWLI20010,,,no,no,24,1550,,1.57,,,,,,instock,no,no,,yes,taxable,,,,,,'-1,'-1,,,"http://belims-headless.local/wp-content/uploads/2026/01/CIWLI20010.jpg ! alt :  ! title : 20V PS+ C/L WRENCH 300NM IMP ! desc :  ! caption : ",,http://belims-headless.local/product/20v-ps-c-l-wrench-300nm-imp/,0,,Ingco,simple,,"Tools and Machinery > Hand Tools|Tools and Machinery|Tools and Machinery > Hand Tools > Wrenches",,,Skillcraft,,,
"Chuck Key",chuck-key,,584,,"Chuck Key",publish,,0,"2026-01-25 22:33:28",1,open,CK1301,,,no,no,'-2,20,,0.06,12.9,7.8,1,,,outofstock,no,no,,yes,taxable,,,,,,'-1,'-1,,,"http://belims-headless.local/wp-content/uploads/2026/01/CK1301.jpg ! alt :  ! title : Chuck Key ! desc :  ! caption : ",,http://belims-headless.local/product/chuck-key/,0,,Ingco,simple,outofstock,Uncategorized,,,Skillcraft,,,
"20V PS+ C/L MULTITOOL",20v-ps-c-l-multitool,,586,,"20V PS+ C/L MULTITOOL",publish,,0,"2026-01-25 22:33:29",1,open,CMLI2001,,,no,no,25,999.01,,1,,,,,,instock,no,no,,yes,taxable,,,,,,'-1,'-1,,,"http://belims-headless.local/wp-content/uploads/2026/01/CMLI2001.jpg ! alt :  ! title : 20V PS+ C/L MULTITOOL ! desc :  ! caption : ",,http://belims-headless.local/product/20v-ps-c-l-multitool/,0,,Ingco,simple,,"Tools and Machinery > Power Tools > Hobby Tools|Tools and Machinery > Power Tools|Tools and Machinery",,,Skillcraft,,,
"40V Lithium-Ion Pressure Washer",40v-lithium-ion-pressure-washer,,588,,"40V Lithium-Ion Pressure Washer",publish,,0,"2026-01-25 22:33:30",1,open,CPWLI20082,,,no,no,50,2399,,3.1,52.7,12.5,25.8,,,instock,no,no,,yes,taxable,,,,,,'-1,'-1,,,"http://belims-headless.local/wp-content/uploads/2026/01/CPWLI20082.png ! alt :  ! title : 40V Lithium-Ion Pressure Washer ! desc :  ! caption : ",,http://belims-headless.local/product/40v-lithium-ion-pressure-washer/,0,,Ingco,simple,,"Tools and Machinery > Machinery|Tools and Machinery > Machinery > Pressure Washer|Tools and Machinery",,,Skillcraft,,,
"20V Lithium-Ion Random Orbit Sander",20v-lithium-ion-random-orbit-sander,,590,,"20V Lithium-Ion Random Orbit Sander",publish,,0,"2026-01-25 22:33:32",1,open,CROSLI2001,,,no,no,1,1299.99,,1.37,18,12.4,15.4,,,instock,no,no,,yes,taxable,,,,,,'-1,'-1,,,"http://belims-headless.local/wp-content/uploads/2026/01/CROSLI2001.jpg ! alt :  ! title : 20V Lithium-Ion Random Orbit Sander ! desc :  ! caption : ",,http://belims-headless.local/product/20v-lithium-ion-random-orbit-sander/,0,,Ingco,simple,,"Tools and Machinery > Power Tools|Tools and Machinery > Power Tools > Sander|Tools and Machinery",,,Skillcraft,,,
"Circular Saw",circular-saw-2,,592,,"Circular Saw",publish,,0,"2026-01-25 22:33:33",1,open,CS18568,,,no,no,8,1598.99,,5.9,35.3,25.8,27.5,,,instock,no,no,,yes,taxable,,,,,,'-1,'-1,,,"http://belims-headless.local/wp-content/uploads/2026/01/CS18568.jpg ! alt :  ! title : Circular Saw ! desc :  ! caption : ",,http://belims-headless.local/product/circular-saw-2/,0,,Ingco,simple,,"Tools and Machinery > Power Tools|Tools and Machinery > Power Tools > Saws|Tools and Machinery",,,Skillcraft,,,
"20V Lithium-Ion Soldering Iron",20v-lithium-ion-soldering-iron,,594,,"20V Lithium-Ion Soldering Iron",publish,,0,"2026-01-25 22:33:35",1,open,CSILI2001,,,no,no,81,319,,0.31,36,13,4.5,,,instock,no,no,,yes,taxable,,,,,,'-1,'-1,,,"http://belims-headless.local/wp-content/uploads/2026/01/CSILI2001.jpg ! alt :  ! title : 20V Lithium-Ion Soldering Iron ! desc :  ! caption : ",,http://belims-headless.local/product/20v-lithium-ion-soldering-iron/,0,,Ingco,simple,,"Tools and Machinery > Power Tools|Tools and Machinery > Power Tools > Soldering|Tools and Machinery",,,Skillcraft,,,
"20V PS+ C/L CIRCULAR SAW 165MM",20v-ps-c-l-circular-saw-165mm,,596,,"20V PS+ C/L CIRCULAR SAW 165MM",publish,,0,"2026-01-25 22:33:36",1,open,CSLI1651,,,no,no,21,1550,,2.9,,,,,,instock,no,no,,yes,taxable,,,,,,'-1,'-1,,,"http://belims-headless.local/wp-content/uploads/2026/01/CSLI1651.jpg ! alt :  ! title : 20V PS+ C/L CIRCULAR SAW 165MM ! desc :  ! caption : ",,http://belims-headless.local/product/20v-ps-c-l-circular-saw-165mm/,0,,Ingco,simple,,"Tools and Machinery > Power Tools|Tools and Machinery > Power Tools > Saws|Tools and Machinery",,,Skillcraft,,,
"20V PS+ KNAPSACK SPRAYER 16L",20v-ps-knapsack-sprayer-16l,,598,,"20V PS+ KNAPSACK SPRAYER 16L",publish,,0,"2026-01-25 22:33:37",1,open,CSPLI2001,,,no,no,0,,,3.9,,,,,,outofstock,no,no,,yes,taxable,,,,,,'-1,'-1,,,"http://belims-headless.local/wp-content/uploads/2026/01/CSPLI2001.jpg ! alt :  ! title : 20V PS+ KNAPSACK SPRAYER 16L ! desc :  ! caption : ",,http://belims-headless.local/product/20v-ps-knapsack-sprayer-16l/,0,,Ingco,simple,outofstock,"Outdoor Garden and Patio > Gardening Tools > Garden Spray Bottles|Outdoor Garden and Patio > Gardening Tools|Outdoor Garden and Patio",,,Skillcraft,,,
"Combination Plier",combination-plier,,600,,"Combination Plier",publish,,0,"2026-01-25 22:33:39",1,open,HCP08168,,,no,no,4,89.99,,0.23,21.7,8.5,3,,,instock,no,no,,yes,taxable,,,,,,'-1,'-1,,,"http://belims-headless.local/wp-content/uploads/2026/01/HCP08168.jpg ! alt :  ! title : Combination Plier ! desc :  ! caption : ",,http://belims-headless.local/product/combination-plier/,0,,Ingco,simple,,"Tools and Machinery > Hand Tools|Tools and Machinery > Hand Tools > Pliers|Tools and Machinery",,,Skillcraft,,,
"Combination Plier",combination-plier-2,,602,,"Combination Plier",publish,,0,"2026-01-25 22:33:40",1,open,HCP28168,,,no,no,0,,,0.23,23,7,2.3,,,outofstock,no,no,,yes,taxable,,,,,,'-1,'-1,,,"http://belims-headless.local/wp-content/uploads/2026/01/HCP28168.jpg ! alt :  ! title : Combination Plier ! desc :  ! caption : ",,http://belims-headless.local/product/combination-plier-2/,0,,Ingco,simple,outofstock,"Tools and Machinery > Hand Tools|Tools and Machinery > Hand Tools > Pliers|Tools and Machinery",,,Skillcraft,,,
"Combination Plier",combination-plier-3,,604,,"Combination Plier",publish,,0,"2026-01-25 22:33:41",1,open,HCP28188,,,no,no,2,,,0.29,23.5,7,3,,,instock,no,no,,yes,taxable,,,,,,'-1,'-1,,,"http://belims-headless.local/wp-content/uploads/2026/01/HCP28188.jpg ! alt :  ! title : Combination Plier ! desc :  ! caption : ",,http://belims-headless.local/product/combination-plier-3/,0,,Ingco,simple,,"Tools and Machinery > Hand Tools|Tools and Machinery > Hand Tools > Pliers|Tools and Machinery",,,Skillcraft,,,
"Combination Plier",combination-plier-4,,606,,"Combination Plier",publish,,0,"2026-01-25 22:33:42",1,open,HCP28208,,,no,no,6,,,0.36,26.5,7,2.6,,,instock,no,no,,yes,taxable,,,,,,'-1,'-1,,,"http://belims-headless.local/wp-content/uploads/2026/01/HCP28208.jpg ! alt :  ! title : Combination Plier ! desc :  ! caption : ",,http://belims-headless.local/product/combination-plier-4/,0,,Ingco,simple,,"Tools and Machinery > Hand Tools|Tools and Machinery > Hand Tools > Pliers|Tools and Machinery",,,Skillcraft,,,
"Carpenters Princers Pliers",carpenters-princers-pliers,,608,,"Carpenters Princers Pliers",publish,,0,"2026-01-25 22:33:44",1,open,HCPP02200,,,no,no,0,174,,0.41,27,7,2,,,outofstock,no,no,,yes,taxable,,,,,,'-1,'-1,,,"http://belims-headless.local/wp-content/uploads/2026/01/HCPP02200.jpg ! alt :  ! title : Carpenters Princers Pliers ! desc :  ! caption : ",,http://belims-headless.local/product/carpenters-princers-pliers/,0,,Ingco,simple,outofstock,"Tools and Machinery > Hand Tools|Tools and Machinery > Hand Tools > Pliers|Tools and Machinery",,,Skillcraft,,,
"Combination Spanner",combination-spanner,,610,,"Combination Spanner",publish,,0,"2026-01-25 22:33:45",1,open,HCSPA061,,,no,no,1,,,0.02,10,1.5,0.9,,,instock,no,no,,yes,taxable,,,,,,'-1,'-1,,,"http://belims-headless.local/wp-content/uploads/2026/01/HCSPA061.jpg ! alt :  ! title : Combination Spanner ! desc :  ! caption : ",,http://belims-headless.local/product/combination-spanner/,0,,Ingco,simple,,"Tools and Machinery > Hand Tools|Tools and Machinery > Hand Tools > Spanners and Sockets|Tools and Machinery",,,Skillcraft,,,
"Combination Spanner",combination-spanner-2,,612,,"Combination Spanner",publish,,0,"2026-01-25 22:33:46",1,open,HCSPA071,,,no,no,0,,,0.03,11,1.7,0.9,,,outofstock,no,no,,yes,taxable,,,,,,'-1,'-1,,,"http://belims-headless.local/wp-content/uploads/2026/01/HCSPA071.jpg ! alt :  ! title : Combination Spanner ! desc :  ! caption : ",,http://belims-headless.local/product/combination-spanner-2/,0,,Ingco,simple,outofstock,"Tools and Machinery > Hand Tools|Tools and Machinery > Hand Tools > Spanners and Sockets|Tools and Machinery",,,Skillcraft,,,
"Combination Spanner",combination-spanner-3,,614,,"Combination Spanner",publish,,0,"2026-01-25 22:33:47",1,open,HCSPA081,,,no,no,'-1,27,,0.03,12,1.8,0.9,,,outofstock,no,no,,yes,taxable,,,,,,'-1,'-1,,,"http://belims-headless.local/wp-content/uploads/2026/01/HCSPA081.jpg ! alt :  ! title : Combination Spanner ! desc :  ! caption : ",,http://belims-headless.local/product/combination-spanner-3/,0,,Ingco,simple,outofstock,"Tools and Machinery > Hand Tools|Tools and Machinery > Hand Tools > Spanners and Sockets|Tools and Machinery",,,Skillcraft,,,
"Combination Spanner",combination-spanner-4,,616,,"Combination Spanner",publish,,0,"2026-01-25 22:33:48",1,open,HCSPA091,,,no,no,0,,,0.04,13,2,0.9,,,outofstock,no,no,,yes,taxable,,,,,,'-1,'-1,,,"http://belims-headless.local/wp-content/uploads/2026/01/HCSPA091.jpg ! alt :  ! title : Combination Spanner ! desc :  ! caption : ",,http://belims-headless.local/product/combination-spanner-4/,0,,Ingco,simple,outofstock,"Tools and Machinery > Hand Tools|Tools and Machinery > Hand Tools > Spanners and Sockets|Tools and Machinery",,,Skillcraft,,,
"Combination Spanner",combination-spanner-5,,618,,"Combination Spanner",publish,,0,"2026-01-25 22:33:49",1,open,HCSPA101,,,no,no,2,34.99,,0.04,14,2.2,0.9,,,instock,no,no,,yes,taxable,,,,,,'-1,'-1,,,"http://belims-headless.local/wp-content/uploads/2026/01/HCSPA101.jpg ! alt :  ! title : Combination Spanner ! desc :  ! caption : ",,http://belims-headless.local/product/combination-spanner-5/,0,,Ingco,simple,,"Tools and Machinery > Hand Tools|Tools and Machinery > Hand Tools > Spanners and Sockets|Tools and Machinery",,,Skillcraft,,,
"Combination Spanner",combination-spanner-6,,620,,"Combination Spanner",publish,,0,"2026-01-25 22:33:51",1,open,HCSPA111,,,no,no,0,,,0.05,15,2.4,1,,,outofstock,no,no,,yes,taxable,,,,,,'-1,'-1,,,"http://belims-headless.local/wp-content/uploads/2026/01/HCSPA111.jpg ! alt :  ! title : Combination Spanner ! desc :  ! caption : ",,http://belims-headless.local/product/combination-spanner-6/,0,,Ingco,simple,outofstock,"Tools and Machinery > Hand Tools|Tools and Machinery > Hand Tools > Spanners and Sockets|Tools and Machinery",,,Skillcraft,,,
"Combination Spanner",combination-spanner-7,,622,,"Combination Spanner",publish,,0,"2026-01-25 22:33:52",1,open,HCSPA121,,,no,no,5,,,0.07,16,2.5,1.1,,,instock,no,no,,yes,taxable,,,,,,'-1,'-1,,,"http://belims-headless.local/wp-content/uploads/2026/01/HCSPA121.jpg ! alt :  ! title : Combination Spanner ! desc :  ! caption : ",,http://belims-headless.local/product/combination-spanner-7/,0,,Ingco,simple,,"Tools and Machinery > Hand Tools|Tools and Machinery > Hand Tools > Spanners and Sockets|Tools and Machinery",,,Skillcraft,,,
"Combination Spanner",combination-spanner-8,,624,,"Combination Spanner",publish,,0,"2026-01-25 22:33:53",1,open,HCSPA131,,,no,no,0,,,0.07,17,2.7,1.1,,,outofstock,no,no,,yes,taxable,,,,,,'-1,'-1,,,"http://belims-headless.local/wp-content/uploads/2026/01/HCSPA131.jpg ! alt :  ! title : Combination Spanner ! desc :  ! caption : ",,http://belims-headless.local/product/combination-spanner-8/,0,,Ingco,simple,outofstock,"Tools and Machinery > Hand Tools|Tools and Machinery > Hand Tools > Spanners and Sockets|Tools and Machinery",,,Skillcraft,,,
"Combination Spanner",combination-spanner-9,,626,,"Combination Spanner",publish,,0,"2026-01-25 22:33:54",1,open,HCSPA141,,,no,no,1,42,,0.09,18,2.9,1.2,,,instock,no,no,,yes,taxable,,,,,,'-1,'-1,,,"http://belims-headless.local/wp-content/uploads/2026/01/HCSPA141.jpg ! alt :  ! title : Combination Spanner ! desc :  ! caption : ",,http://belims-headless.local/product/combination-spanner-9/,0,,Ingco,simple,,"Tools and Machinery > Hand Tools|Tools and Machinery > Hand Tools > Spanners and Sockets|Tools and Machinery",,,Skillcraft,,,
"Combination Spanner",combination-spanner-10,,628,,"Combination Spanner",publish,,0,"2026-01-25 22:33:55",1,open,HCSPA151,,,no,no,0,,,0.11,19.1,3.1,1.2,,,outofstock,no,no,,yes,taxable,,,,,,'-1,'-1,,,"http://belims-headless.local/wp-content/uploads/2026/01/HCSPA151.jpg ! alt :  ! title : Combination Spanner ! desc :  ! caption : ",,http://belims-headless.local/product/combination-spanner-10/,0,,Ingco,simple,outofstock,"Tools and Machinery > Hand Tools|Tools and Machinery > Hand Tools > Spanners and Sockets|Tools and Machinery",,,Skillcraft,,,
"Combination Spanner",combination-spanner-11,,630,,"Combination Spanner",publish,,0,"2026-01-25 22:33:56",1,open,HCSPA161,,,no,no,0,,,0.13,20.2,3.3,1.3,,,outofstock,no,no,,yes,taxable,,,,,,'-1,'-1,,,"http://belims-headless.local/wp-content/uploads/2026/01/HCSPA161.jpg ! alt :  ! title : Combination Spanner ! desc :  ! caption : ",,http://belims-headless.local/product/combination-spanner-11/,0,,Ingco,simple,outofstock,"Tools and Machinery > Hand Tools|Tools and Machinery > Hand Tools > Spanners and Sockets|Tools and Machinery",,,Skillcraft,,,
"Combination Spanner",combination-spanner-12,,632,,"Combination Spanner",publish,,0,"2026-01-25 22:33:57",1,open,HCSPA171,,,no,no,'-1,65,,0.14,21.2,3.4,1.4,,,outofstock,no,no,,yes,taxable,,,,,,'-1,'-1,,,"http://belims-headless.local/wp-content/uploads/2026/01/HCSPA171.jpg ! alt :  ! title : Combination Spanner ! desc :  ! caption : ",,http://belims-headless.local/product/combination-spanner-12/,0,,Ingco,simple,outofstock,"Tools and Machinery > Hand Tools|Tools and Machinery > Hand Tools > Spanners and Sockets|Tools and Machinery",,,Skillcraft,,,
"Combination Spanner",combination-spanner-13,,634,,"Combination Spanner",publish,,0,"2026-01-25 22:33:59",1,open,HCSPA181,,,no,no,1,,,0.16,22.2,3.6,1.5,,,instock,no,no,,yes,taxable,,,,,,'-1,'-1,,,"http://belims-headless.local/wp-content/uploads/2026/01/HCSPA181.jpg ! alt :  ! title : Combination Spanner ! desc :  ! caption : ",,http://belims-headless.local/product/combination-spanner-13/,0,,Ingco,simple,,"Tools and Machinery > Hand Tools|Tools and Machinery > Hand Tools > Spanners and Sockets|Tools and Machinery",,,Skillcraft,,,
"Combination Spanner",combination-spanner-14,,636,,"Combination Spanner",publish,,0,"2026-01-25 22:34:00",1,open,HCSPA191,,,no,no,'-5,,,0.2,23.1,3.8,1.6,,,outofstock,no,no,,yes,taxable,,,,,,'-1,'-1,,,"http://belims-headless.local/wp-content/uploads/2026/01/HCSPA191.jpg ! alt :  ! title : Combination Spanner ! desc :  ! caption : ",,http://belims-headless.local/product/combination-spanner-14/,0,,Ingco,simple,outofstock,"Tools and Machinery > Hand Tools|Tools and Machinery > Hand Tools > Spanners and Sockets|Tools and Machinery",,,Skillcraft,,,
"Combination Spanner",combination-spanner-15,,638,,"Combination Spanner",publish,,0,"2026-01-25 22:34:02",1,open,HCSPA201,,,no,no,1,,,0.22,24.1,3.9,1.7,,,instock,no,no,,yes,taxable,,,,,,'-1,'-1,,,"http://belims-headless.local/wp-content/uploads/2026/01/HCSPA201.jpg ! alt :  ! title : Combination Spanner ! desc :  ! caption : ",,http://belims-headless.local/product/combination-spanner-15/,0,,Ingco,simple,,"Tools and Machinery > Hand Tools|Tools and Machinery > Hand Tools > Spanners and Sockets|Tools and Machinery",,,Skillcraft,,,
"Combination Spanner",combination-spanner-16,,640,,"Combination Spanner",publish,,0,"2026-01-25 22:34:03",1,open,HCSPA211,,,no,no,0,,,0.25,38.1,6.1,1.8,,,outofstock,no,no,,yes,taxable,,,,,,'-1,'-1,,,"http://belims-headless.local/wp-content/uploads/2026/01/HCSPA211.jpg ! alt :  ! title : Combination Spanner ! desc :  ! caption : ",,http://belims-headless.local/product/combination-spanner-16/,0,,Ingco,simple,outofstock,"Tools and Machinery > Hand Tools|Tools and Machinery > Hand Tools > Spanners and Sockets|Tools and Machinery",,,Skillcraft,,,
"Combination Spanner",combination-spanner-17,,642,,"Combination Spanner",publish,,0,"2026-01-25 22:34:04",1,open,HCSPA221,,,no,no,0,,,0.27,42.9,26.6,6.1,,,outofstock,no,no,,yes,taxable,,,,,,'-1,'-1,,,"http://belims-headless.local/wp-content/uploads/2026/01/HCSPA221.jpg ! alt :  ! title : Combination Spanner ! desc :  ! caption : ",,http://belims-headless.local/product/combination-spanner-17/,0,,Ingco,simple,outofstock,"Tools and Machinery > Hand Tools|Tools and Machinery > Hand Tools > Spanners and Sockets|Tools and Machinery",,,Skillcraft,,,
"Combination Spanner",combination-spanner-18,,644,,"Combination Spanner",publish,,0,"2026-01-25 22:34:06",1,open,HCSPA241,,,no,no,0,,,0.35,28.7,4.8,2.2,,,outofstock,no,no,,yes,taxable,,,,,,'-1,'-1,,,"http://belims-headless.local/wp-content/uploads/2026/01/HCSPA241.jpg ! alt :  ! title : Combination Spanner ! desc :  ! caption : ",,http://belims-headless.local/product/combination-spanner-18/,0,,Ingco,simple,outofstock,"Tools and Machinery > Hand Tools|Tools and Machinery > Hand Tools > Spanners and Sockets|Tools and Machinery",,,Skillcraft,,,
"Combination Spanner",combination-spanner-19,,646,,"Combination Spanner",publish,,0,"2026-01-25 22:34:07",1,open,HCSPA271,,,no,no,2,,,0.49,33,5.4,2.6,,,instock,no,no,,yes,taxable,,,,,,'-1,'-1,,,"http://belims-headless.local/wp-content/uploads/2026/01/HCSPA271.jpg ! alt :  ! title : Combination Spanner ! desc :  ! caption : ",,http://belims-headless.local/product/combination-spanner-19/,0,,Ingco,simple,,"Tools and Machinery > Hand Tools|Tools and Machinery > Hand Tools > Spanners and Sockets|Tools and Machinery",,,Skillcraft,,,
"Combination Spanner",combination-spanner-20,,648,,"Combination Spanner",publish,,0,"2026-01-25 22:34:08",1,open,HCSPA301,,,no,no,1,,,0.63,38.2,6.1,2.8,,,instock,no,no,,yes,taxable,,,,,,'-1,'-1,,,"http://belims-headless.local/wp-content/uploads/2026/01/HCSPA301.jpg ! alt :  ! title : Combination Spanner ! desc :  ! caption : ",,http://belims-headless.local/product/combination-spanner-20/,0,,Ingco,simple,,"Tools and Machinery > Hand Tools|Tools and Machinery > Hand Tools > Spanners and Sockets|Tools and Machinery",,,Skillcraft,,,
"Combination Spanner",combination-spanner-21,,650,,"Combination Spanner",publish,,0,"2026-01-25 22:34:09",1,open,HCSPA321,,,no,no,2,,,0.73,40.1,6.2,2.9,,,instock,no,no,,yes,taxable,,,,,,'-1,'-1,,,"http://belims-headless.local/wp-content/uploads/2026/01/HCSPA321.jpg ! alt :  ! title : Combination Spanner ! desc :  ! caption : ",,http://belims-headless.local/product/combination-spanner-21/,0,,Ingco,simple,,"Tools and Machinery > Hand Tools|Tools and Machinery > Hand Tools > Spanners and Sockets|Tools and Machinery",,,Skillcraft,,,
"Ratchet Spanner",ratchet-spanner,,652,,"Ratchet Spanner",publish,,0,"2026-01-25 22:34:10",1,open,HCSPAR061,,,no,no,1,,,0.04,12.8,1.6,0.7,,,instock,no,no,,yes,taxable,,,,,,'-1,'-1,,,"http://belims-headless.local/wp-content/uploads/2026/01/HCSPAR061.jpg ! alt :  ! title : Ratchet Spanner ! desc :  ! caption : ",,http://belims-headless.local/product/ratchet-spanner/,0,,Ingco,simple,,"Tools and Machinery > Hand Tools|Tools and Machinery > Hand Tools > Spanners and Sockets|Tools and Machinery",,,Skillcraft,,,
"Ratchet Spanner",ratchet-spanner-2,,654,,"Ratchet Spanner",publish,,0,"2026-01-25 22:34:11",1,open,HCSPAR081,,,no,no,1,,,0.04,13.7,1.7,0.6,,,instock,no,no,,yes,taxable,,,,,,'-1,'-1,,,"http://belims-headless.local/wp-content/uploads/2026/01/HCSPAR081.jpg ! alt :  ! title : Ratchet Spanner ! desc :  ! caption : ",,http://belims-headless.local/product/ratchet-spanner-2/,0,,Ingco,simple,,"Tools and Machinery > Hand Tools|Tools and Machinery > Hand Tools > Spanners and Sockets|Tools and Machinery",,,Skillcraft,,,
"Ratchet Spanner",ratchet-spanner-3,,656,,"Ratchet Spanner",publish,,0,"2026-01-25 22:34:13",1,open,HCSPAR101,,,no,no,0,,,0.05,16,2.1,0.7,,,outofstock,no,no,,yes,taxable,,,,,,'-1,'-1,,,"http://belims-headless.local/wp-content/uploads/2026/01/HCSPAR101.jpg ! alt :  ! title : Ratchet Spanner ! desc :  ! caption : ",,http://belims-headless.local/product/ratchet-spanner-3/,0,,Ingco,simple,outofstock,"Tools and Machinery > Hand Tools|Tools and Machinery > Hand Tools > Spanners and Sockets|Tools and Machinery",,,Skillcraft,,,
"Ratchet Spanner",ratchet-spanner-4,,658,,"Ratchet Spanner",publish,,0,"2026-01-25 22:34:14",1,open,HCSPAR111,,,no,no,1,,,0.07,16.6,2.3,0.7,,,instock,no,no,,yes,taxable,,,,,,'-1,'-1,,,"http://belims-headless.local/wp-content/uploads/2026/01/HCSPAR111.jpg ! alt :  ! title : Ratchet Spanner ! desc :  ! caption : ",,http://belims-headless.local/product/ratchet-spanner-4/,0,,Ingco,simple,,"Tools and Machinery > Hand Tools|Tools and Machinery > Hand Tools > Spanners and Sockets|Tools and Machinery",,,Skillcraft,,,
"Ratchet Spanner",ratchet-spanner-5,,660,,"Ratchet Spanner",publish,,0,"2026-01-25 22:34:15",1,open,HCSPAR121,,,no,no,0,,,0.08,17.2,2.5,0.8,,,outofstock,no,no,,yes,taxable,,,,,,'-1,'-1,,,"http://belims-headless.local/wp-content/uploads/2026/01/HCSPAR121.jpg ! alt :  ! title : Ratchet Spanner ! desc :  ! caption : ",,http://belims-headless.local/product/ratchet-spanner-5/,0,,Ingco,simple,outofstock,"Tools and Machinery > Hand Tools|Tools and Machinery > Hand Tools > Spanners and Sockets|Tools and Machinery",,,Skillcraft,,,
"Ratchet Spanner",ratchet-spanner-6,,662,,"Ratchet Spanner",publish,,0,"2026-01-25 22:34:16",1,open,HCSPAR131,,,no,no,1,,,0.09,17.8,2.7,0.9,,,instock,no,no,,yes,taxable,,,,,,'-1,'-1,,,"http://belims-headless.local/wp-content/uploads/2026/01/HCSPAR131.jpg ! alt :  ! title : Ratchet Spanner ! desc :  ! caption : ",,http://belims-headless.local/product/ratchet-spanner-6/,0,,Ingco,simple,,"Tools and Machinery > Hand Tools|Tools and Machinery > Hand Tools > Spanners and Sockets|Tools and Machinery",,,Skillcraft,,,
"Ratchet Spanner",ratchet-spanner-7,,664,,"Ratchet Spanner",publish,,0,"2026-01-25 22:34:17",1,open,HCSPAR141,,,no,no,1,,,0.1,19.1,2.9,1,,,instock,no,no,,yes,taxable,,,,,,'-1,'-1,,,"http://belims-headless.local/wp-content/uploads/2026/01/HCSPAR141.jpg ! alt :  ! title : Ratchet Spanner ! desc :  ! caption : ",,http://belims-headless.local/product/ratchet-spanner-7/,0,,Ingco,simple,,"Tools and Machinery > Hand Tools|Tools and Machinery > Hand Tools > Spanners and Sockets|Tools and Machinery",,,Skillcraft,,,
"Ratchet Spanner",ratchet-spanner-8,,666,,"Ratchet Spanner",publish,,0,"2026-01-25 22:34:18",1,open,HCSPAR151,,,no,no,1,,,0.13,20.1,3.1,1.1,,,instock,no,no,,yes,taxable,,,,,,'-1,'-1,,,"http://belims-headless.local/wp-content/uploads/2026/01/HCSPAR151.jpg ! alt :  ! title : Ratchet Spanner ! desc :  ! caption : ",,http://belims-headless.local/product/ratchet-spanner-8/,0,,Ingco,simple,,"Tools and Machinery > Hand Tools|Tools and Machinery > Hand Tools > Spanners and Sockets|Tools and Machinery",,,Skillcraft,,,
"Ratchet Spanner",ratchet-spanner-9,,668,,"Ratchet Spanner",publish,,0,"2026-01-25 22:34:19",1,open,HCSPAR161,,,no,no,1,,,0.15,21.3,3.3,1.2,,,instock,no,no,,yes,taxable,,,,,,'-1,'-1,,,"http://belims-headless.local/wp-content/uploads/2026/01/HCSPAR161.jpg ! alt :  ! title : Ratchet Spanner ! desc :  ! caption : ",,http://belims-headless.local/product/ratchet-spanner-9/,0,,Ingco,simple,,"Tools and Machinery > Hand Tools|Tools and Machinery > Hand Tools > Spanners and Sockets|Tools and Machinery",,,Skillcraft,,,
"Ratchet Spanner",ratchet-spanner-10,,670,,"Ratchet Spanner",publish,,0,"2026-01-25 22:34:21",1,open,HCSPAR171,,,no,no,1,130,,0.18,22.5,3.5,1.3,,,instock,no,no,,yes,taxable,,,,,,'-1,'-1,,,"http://belims-headless.local/wp-content/uploads/2026/01/HCSPAR171.jpg ! alt :  ! title : Ratchet Spanner ! desc :  ! caption : ",,http://belims-headless.local/product/ratchet-spanner-10/,0,,Ingco,simple,,"Tools and Machinery > Hand Tools|Tools and Machinery > Hand Tools > Spanners and Sockets|Tools and Machinery",,,Skillcraft,,,
"Ratchet Spanner",ratchet-spanner-11,,672,,"Ratchet Spanner",publish,,0,"2026-01-25 22:34:22",1,open,HCSPAR191,,,no,no,1,,,0.23,24.5,3.9,1.4,,,instock,no,no,,yes,taxable,,,,,,'-1,'-1,,,"http://belims-headless.local/wp-content/uploads/2026/01/HCSPAR191.jpg ! alt :  ! title : Ratchet Spanner ! desc :  ! caption : ",,http://belims-headless.local/product/ratchet-spanner-11/,0,,Ingco,simple,,"Tools and Machinery > Hand Tools|Tools and Machinery > Hand Tools > Spanners and Sockets|Tools and Machinery",,,Skillcraft,,,
"Ratchet Spanner",ratchet-spanner-12,,674,,"Ratchet Spanner",publish,,0,"2026-01-25 22:34:23",1,open,HCSPAR211,,,no,no,1,,,0.35,28.6,4.4,1.5,,,instock,no,no,,yes,taxable,,,,,,'-1,'-1,,,"http://belims-headless.local/wp-content/uploads/2026/01/HCSPAR211.jpg ! alt :  ! title : Ratchet Spanner ! desc :  ! caption : ",,http://belims-headless.local/product/ratchet-spanner-12/,0,,Ingco,simple,,"Tools and Machinery > Hand Tools|Tools and Machinery > Hand Tools > Spanners and Sockets|Tools and Machinery",,,Skillcraft,,,
"Ratchet Spanner",ratchet-spanner-13,,676,,"Ratchet Spanner",publish,,0,"2026-01-25 22:34:24",1,open,HCSPAR241,,,no,no,1,,,0.53,33.2,5.1,1.5,,,instock,no,no,,yes,taxable,,,,,,'-1,'-1,,,"http://belims-headless.local/wp-content/uploads/2026/01/HCSPAR241.jpg ! alt :  ! title : Ratchet Spanner ! desc :  ! caption : ",,http://belims-headless.local/product/ratchet-spanner-13/,0,,Ingco,simple,,"Tools and Machinery > Hand Tools|Tools and Machinery > Hand Tools > Spanners and Sockets|Tools and Machinery",,,Skillcraft,,,
"Ratchet Spanner",ratchet-spanner-14,,678,,"Ratchet Spanner",publish,,0,"2026-01-25 22:34:25",1,open,HCSPAR271,,,no,no,1,,,0.66,36.1,5.4,1.7,,,instock,no,no,,yes,taxable,,,,,,'-1,'-1,,,"http://belims-headless.local/wp-content/uploads/2026/01/HCSPAR271.jpg ! alt :  ! title : Ratchet Spanner ! desc :  ! caption : ",,http://belims-headless.local/product/ratchet-spanner-14/,0,,Ingco,simple,,"Tools and Machinery > Hand Tools|Tools and Machinery > Hand Tools > Spanners and Sockets|Tools and Machinery",,,Skillcraft,,,
"Diagonal Plier",diagonal-plier,,680,,"Diagonal Plier",publish,,0,"2026-01-25 22:34:26",1,open,HDCP28168,,,no,no,2,,,0.24,22.6,7,3,,,instock,no,no,,yes,taxable,,,,,,'-1,'-1,,,"http://belims-headless.local/wp-content/uploads/2026/01/HDCP28168.jpg ! alt :  ! title : Diagonal Plier ! desc :  ! caption : ",,http://belims-headless.local/product/diagonal-plier/,0,,Ingco,simple,,"Tools and Machinery > Hand Tools|Tools and Machinery > Hand Tools > Pliers|Tools and Machinery",,,Skillcraft,,,
"Diagonal Plier",diagonal-plier-2,,682,,"Diagonal Plier",publish,,0,"2026-01-25 22:34:27",1,open,HDCP28188,,,no,no,2,140,,0.29,26,7,2.7,,,instock,no,no,,yes,taxable,,,,,,'-1,'-1,,,"http://belims-headless.local/wp-content/uploads/2026/01/HDCP28188.jpg ! alt :  ! title : Diagonal Plier ! desc :  ! caption : ",,http://belims-headless.local/product/diagonal-plier-2/,0,,Ingco,simple,,"Tools and Machinery > Hand Tools|Tools and Machinery > Hand Tools > Pliers|Tools and Machinery",,,Skillcraft,,,
"Extension Bar",extension-bar,,684,,"Extension Bar",publish,,0,"2026-01-25 22:34:28",1,open,HEB12051,,,no,no,0,80.01,,0.21,20.2,5.1,2.1,,,outofstock,no,no,,yes,taxable,,,,,,'-1,'-1,,,"http://belims-headless.local/wp-content/uploads/2026/01/HEB12051.jpg ! alt :  ! title : Extension Bar ! desc :  ! caption : ",,http://belims-headless.local/product/extension-bar/,0,,Ingco,simple,outofstock,Uncategorized,,,Skillcraft,,,
"Extension Bar",extension-bar-2,,686,,"Extension Bar",publish,,0,"2026-01-25 22:34:30",1,open,HEB12101,,,no,no,0,149.99,,0.4,33,5,2,,,outofstock,no,no,,yes,taxable,,,,,,'-1,'-1,,,"http://belims-headless.local/wp-content/uploads/2026/01/HEB12101.jpg ! alt :  ! title : Extension Bar ! desc :  ! caption : ",,http://belims-headless.local/product/extension-bar-2/,0,,Ingco,simple,outofstock,Uncategorized,,,Skillcraft,,,
"GLOVE CUT RESISTANCE XL",glove-cut-resistance-xl,,688,,"GLOVE CUT RESISTANCE XL",publish,,0,"2026-01-25 22:34:31",1,open,HGCG01-XL,,,no,no,17,99,,0.07,,,,,,instock,no,no,,yes,taxable,,,,,,'-1,'-1,,,"http://belims-headless.local/wp-content/uploads/2026/01/HGCG01-XL.jpg ! alt :  ! title : GLOVE CUT RESISTANCE XL ! desc :  ! caption : ",,http://belims-headless.local/product/glove-cut-resistance-xl/,0,,Ingco,simple,,"Safety and Protective Wear > Safety Equipment > Gloves|Safety and Protective Wear|Safety and Protective Wear > Safety Equipment",,,Skillcraft,,,
"GLOVE CUT RESISTANCE HD DIP XL",glove-cut-resistance-hd-dip-xl,,690,,"GLOVE CUT RESISTANCE HD DIP XL",publish,,0,"2026-01-25 22:34:33",1,open,HGCG08-XL,,,no,no,0,119,,0.11,,,,,,outofstock,no,no,,yes,taxable,,,,,,'-1,'-1,,,"http://belims-headless.local/wp-content/uploads/2026/01/HGCG08-XL.jpg ! alt :  ! title : GLOVE CUT RESISTANCE HD DIP XL ! desc :  ! caption : ",,http://belims-headless.local/product/glove-cut-resistance-hd-dip-xl/,0,,Ingco,simple,outofstock,"Safety and Protective Wear > Safety Equipment > Gloves|Safety and Protective Wear|Safety and Protective Wear > Safety Equipment",,,Skillcraft,,,
"Nitrile Gloves, XL",nitrile-gloves-xl,,692,,"Nitrile Gloves, XL",publish,,0,"2026-01-25 22:34:35",1,open,HGNG01,,,no,no,0,22,,0.05,26,11,1.2,,,outofstock,no,no,,yes,taxable,,,,,,'-1,'-1,,,"http://belims-headless.local/wp-content/uploads/2026/01/HGNG01.jpg ! alt :  ! title : Nitrile Gloves, XL ! desc :  ! caption : ",,http://belims-headless.local/product/nitrile-gloves-xl/,0,,Ingco,simple,outofstock,"Safety and Protective Wear > Safety Equipment > Gloves|Safety and Protective Wear|Safety and Protective Wear > Safety Equipment",,,Skillcraft,,,
"Leather Gloves, 10,5""",leather-gloves-105,,694,,"Leather Gloves, 10,5""",publish,,0,"2026-01-25 22:34:37",1,open,HGVC01,,,no,no,1,89,,0.26,26.6,13,1.5,,,instock,no,no,,yes,taxable,,,,,,'-1,'-1,,,"http://belims-headless.local/wp-content/uploads/2026/01/HGVC01.jpg ! alt :  ! title : Leather Gloves, 10,5"" ! desc :  ! caption : ",,http://belims-headless.local/product/leather-gloves-105/,0,,Ingco,simple,,"Safety and Protective Wear > Safety Equipment > Gloves|Safety and Protective Wear|Safety and Protective Wear > Safety Equipment",,,Skillcraft,,,
"GLOVE PVC LARGE 120-130GSM L",glove-pvc-large-120-130gsm-l,,696,,"GLOVE PVC LARGE 120-130GSM L",publish,,0,"2026-01-25 22:34:38",1,open,HGVP02,,,no,no,'-1,34.99,,0.14,,,,,,outofstock,no,no,,yes,taxable,,,,,,'-1,'-1,,,"http://belims-headless.local/wp-content/uploads/2026/01/HGVP02.jpg ! alt :  ! title : GLOVE PVC LARGE 120-130GSM L ! desc :  ! caption : ",,http://belims-headless.local/product/glove-pvc-large-120-130gsm-l/,0,,Ingco,simple,outofstock,"Safety and Protective Wear > Safety Equipment > Gloves|Safety and Protective Wear|Safety and Protective Wear > Safety Equipment",,,Skillcraft,,,
"SAW HAND 400MM 7TPI BEV BLD",saw-hand-400mm-7tpi-bev-bld,,698,,"SAW HAND 400MM 7TPI BEV BLD",publish,,0,"2026-01-25 22:34:39",1,open,HHAS08400,,,no,no,0,99,,0.4,,,,,,outofstock,no,no,,yes,taxable,,,,,,'-1,'-1,,,"http://belims-headless.local/wp-content/uploads/2026/01/HHAS08400.jpg ! alt :  ! title : SAW HAND 400MM 7TPI BEV BLD ! desc :  ! caption : ",,http://belims-headless.local/product/saw-hand-400mm-7tpi-bev-bld/,0,,Ingco,simple,outofstock,"Tools and Machinery > Hand Tools|Tools and Machinery > Hand Tools > Saws and Accessories|Tools and Machinery",,,Skillcraft,,,
"Hand Saw",hand-saw,,700,,"Hand Saw",publish,,0,"2026-01-25 22:34:40",1,open,HHAS08500,,,no,no,0,105,,0.45,63,16,3,,,outofstock,no,no,,yes,taxable,,,,,,'-1,'-1,,,"http://belims-headless.local/wp-content/uploads/2026/01/HHAS08500.jpg ! alt :  ! title : Hand Saw ! desc :  ! caption : ",,http://belims-headless.local/product/hand-saw/,0,,Ingco,simple,outofstock,"Tools and Machinery > Hand Tools|Tools and Machinery > Hand Tools > Saws and Accessories|Tools and Machinery",,,Skillcraft,,,
"Hand Saw",hand-saw-2,,702,,"Hand Saw",publish,,0,"2026-01-25 22:34:41",1,open,HHAS08550,,,no,no,0,110,,0.49,65,15.5,3,,,outofstock,no,no,,yes,taxable,,,,,,'-1,'-1,,,"http://belims-headless.local/wp-content/uploads/2026/01/HHAS08550.jpg ! alt :  ! title : Hand Saw ! desc :  ! caption : ",,http://belims-headless.local/product/hand-saw-2/,0,,Ingco,simple,outofstock,"Tools and Machinery > Hand Tools|Tools and Machinery > Hand Tools > Saws and Accessories|Tools and Machinery",,,Skillcraft,,,
"Hex Socket",hex-socket,,704,,"Hex Socket",publish,,0,"2026-01-25 22:34:43",1,open,HHAST12081,,,no,no,2,,,0.06,11,5.1,2.5,,,instock,no,no,,yes,taxable,,,,,,'-1,'-1,,,"http://belims-headless.local/wp-content/uploads/2026/01/HHAST12081.jpg ! alt :  ! title : Hex Socket ! desc :  ! caption : ",,http://belims-headless.local/product/hex-socket/,0,,Ingco,simple,,"Tools and Machinery > Hand Tools|Tools and Machinery > Hand Tools > Spanners and Sockets|Tools and Machinery",,,Skillcraft,,,
"Deep Hex Socket",deep-hex-socket,,706,,"Deep Hex Socket",publish,,0,"2026-01-25 22:34:44",1,open,HHAST12083L,,,no,no,0,,,0.15,7.6,2.2,2.2,,,outofstock,no,no,,yes,taxable,,,,,,'-1,'-1,,,"http://belims-headless.local/wp-content/uploads/2026/01/HHAST12083L.jpg ! alt :  ! title : Deep Hex Socket ! desc :  ! caption : ",,http://belims-headless.local/product/deep-hex-socket/,0,,Ingco,simple,outofstock,"Tools and Machinery > Hand Tools|Tools and Machinery > Hand Tools > Spanners and Sockets|Tools and Machinery",,,Skillcraft,,,
"Hex Socket",hex-socket-2,,708,,"Hex Socket",publish,,0,"2026-01-25 22:34:46",1,open,HHAST12091,,,no,no,2,,,0.06,3.8,2.2,2.2,,,instock,no,no,,yes,taxable,,,,,,'-1,'-1,,,"http://belims-headless.local/wp-content/uploads/2026/01/HHAST12091.jpg ! alt :  ! title : Hex Socket ! desc :  ! caption : ",,http://belims-headless.local/product/hex-socket-2/,0,,Ingco,simple,,"Tools and Machinery > Hand Tools|Tools and Machinery > Hand Tools > Spanners and Sockets|Tools and Machinery",,,Skillcraft,,,
"Deep Hex Socket",deep-hex-socket-2,,710,,"Deep Hex Socket",publish,,0,"2026-01-25 22:34:47",1,open,HHAST12093L,,,no,no,1,,,0.15,7.6,2.2,2.2,,,instock,no,no,,yes,taxable,,,,,,'-1,'-1,,,"http://belims-headless.local/wp-content/uploads/2026/01/HHAST12093L.jpg ! alt :  ! title : Deep Hex Socket ! desc :  ! caption : ",,http://belims-headless.local/product/deep-hex-socket-2/,0,,Ingco,simple,,"Tools and Machinery > Hand Tools|Tools and Machinery > Hand Tools > Spanners and Sockets|Tools and Machinery",,,Skillcraft,,,
"Hex Socket",hex-socket-3,,712,,"Hex Socket",publish,,0,"2026-01-25 22:34:48",1,open,HHAST12101,,,no,no,3,32.5,,0.06,11.5,5.2,2,,,instock,no,no,,yes,taxable,,,,,,'-1,'-1,,,"http://belims-headless.local/wp-content/uploads/2026/01/HHAST12101.jpg ! alt :  ! title : Hex Socket ! desc :  ! caption : ",,http://belims-headless.local/product/hex-socket-3/,0,,Ingco,simple,,"Tools and Machinery > Hand Tools|Tools and Machinery > Hand Tools > Spanners and Sockets|Tools and Machinery",,,Skillcraft,,,
"Deep Hex Socket",deep-hex-socket-3,,714,,"Deep Hex Socket",publish,,0,"2026-01-25 22:34:49",1,open,HHAST12103L,,,no,no,0,52,,0.15,7.6,2.2,2.2,,,outofstock,no,no,,yes,taxable,,,,,,'-1,'-1,,,"http://belims-headless.local/wp-content/uploads/2026/01/HHAST12103L.jpg ! alt :  ! title : Deep Hex Socket ! desc :  ! caption : ",,http://belims-headless.local/product/deep-hex-socket-3/,0,,Ingco,simple,outofstock,"Tools and Machinery > Hand Tools|Tools and Machinery > Hand Tools > Spanners and Sockets|Tools and Machinery",,,Skillcraft,,,
"Hex Socket",hex-socket-4,,716,,"Hex Socket",publish,,0,"2026-01-25 22:34:50",1,open,HHAST12111,,,no,no,2,,,0.06,3.8,2.2,2.2,,,instock,no,no,,yes,taxable,,,,,,'-1,'-1,,,"http://belims-headless.local/wp-content/uploads/2026/01/HHAST12111.jpg ! alt :  ! title : Hex Socket ! desc :  ! caption : ",,http://belims-headless.local/product/hex-socket-4/,0,,Ingco,simple,,"Tools and Machinery > Hand Tools|Tools and Machinery > Hand Tools > Spanners and Sockets|Tools and Machinery",,,Skillcraft,,,
"Deep Hex Socket",deep-hex-socket-4,,718,,"Deep Hex Socket",publish,,0,"2026-01-25 22:34:51",1,open,HHAST12113L,,,no,no,1,45,,0.15,7.6,2.2,2.2,,,instock,no,no,,yes,taxable,,,,,,'-1,'-1,,,"http://belims-headless.local/wp-content/uploads/2026/01/HHAST12113L.jpg ! alt :  ! title : Deep Hex Socket ! desc :  ! caption : ",,http://belims-headless.local/product/deep-hex-socket-4/,0,,Ingco,simple,,"Tools and Machinery > Hand Tools|Tools and Machinery > Hand Tools > Spanners and Sockets|Tools and Machinery",,,Skillcraft,,,
"Hex Socket",hex-socket-5,,720,,"Hex Socket",publish,,0,"2026-01-25 22:34:52",1,open,HHAST12121,,,no,no,3,32,,0.06,3.8,2.2,2.2,,,instock,no,no,,yes,taxable,,,,,,'-1,'-1,,,"http://belims-headless.local/wp-content/uploads/2026/01/HHAST12121.jpg ! alt :  ! title : Hex Socket ! desc :  ! caption : ",,http://belims-headless.local/product/hex-socket-5/,0,,Ingco,simple,,"Tools and Machinery > Hand Tools|Tools and Machinery > Hand Tools > Spanners and Sockets|Tools and Machinery",,,Skillcraft,,,
"Deep Hex Socket",deep-hex-socket-5,,722,,"Deep Hex Socket",publish,,0,"2026-01-25 22:34:53",1,open,HHAST12123L,,,no,no,0,50,,0.15,7.6,2.2,2.2,,,outofstock,no,no,,yes,taxable,,,,,,'-1,'-1,,,"http://belims-headless.local/wp-content/uploads/2026/01/HHAST12123L.jpg ! alt :  ! title : Deep Hex Socket ! desc :  ! caption : ",,http://belims-headless.local/product/deep-hex-socket-5/,0,,Ingco,simple,outofstock,"Tools and Machinery > Hand Tools|Tools and Machinery > Hand Tools > Spanners and Sockets|Tools and Machinery",,,Skillcraft,,,
"Hex Socket",hex-socket-6,,724,,"Hex Socket",publish,,0,"2026-01-25 22:34:55",1,open,HHAST12131,,,no,no,2,25,,0.06,3.8,2.2,2.2,,,instock,no,no,,yes,taxable,,,,,,'-1,'-1,,,"http://belims-headless.local/wp-content/uploads/2026/01/HHAST12131.jpg ! alt :  ! title : Hex Socket ! desc :  ! caption : ",,http://belims-headless.local/product/hex-socket-6/,0,,Ingco,simple,,"Tools and Machinery > Hand Tools|Tools and Machinery > Hand Tools > Spanners and Sockets|Tools and Machinery",,,Skillcraft,,,
"Deep Hex Socket",deep-hex-socket-6,,726,,"Deep Hex Socket",publish,,0,"2026-01-25 22:34:56",1,open,HHAST12133L,,,no,no,0,,,0.16,7.6,2.2,2.2,,,outofstock,no,no,,yes,taxable,,,,,,'-1,'-1,,,"http://belims-headless.local/wp-content/uploads/2026/01/HHAST12133L.jpg ! alt :  ! title : Deep Hex Socket ! desc :  ! caption : ",,http://belims-headless.local/product/deep-hex-socket-6/,0,,Ingco,simple,outofstock,"Tools and Machinery > Hand Tools|Tools and Machinery > Hand Tools > Spanners and Sockets|Tools and Machinery",,,Skillcraft,,,
"Hex Socket",hex-socket-7,,728,,"Hex Socket",publish,,0,"2026-01-25 22:34:57",1,open,HHAST12141,,,no,no,1,,,0.07,3.8,2.2,2.2,,,instock,no,no,,yes,taxable,,,,,,'-1,'-1,,,"http://belims-headless.local/wp-content/uploads/2026/01/HHAST12141.jpg ! alt :  ! title : Hex Socket ! desc :  ! caption : ",,http://belims-headless.local/product/hex-socket-7/,0,,Ingco,simple,,"Tools and Machinery > Hand Tools|Tools and Machinery > Hand Tools > Spanners and Sockets|Tools and Machinery",,,Skillcraft,,,
